Y,X1,X2,X3,X4,X5,X6
208500,7,1710,2,856,65.0,WD
181500,6,1262,2,1262,80.0,WD
223500,7,1786,2,920,68.0,WD
140000,7,1717,3,756,60.0,WD
250000,8,2198,3,1145,84.0,WD
143000,5,1362,2,796,85.0,WD
307000,8,1694,2,1686,75.0,WD
200000,7,2090,2,1107,,WD
129900,7,1774,2,952,51.0,WD
118000,5,1077,1,991,50.0,WD
129500,5,1040,1,1040,70.0,WD
345000,9,2324,3,1175,85.0,New
144000,5,912,1,912,,WD
279500,7,1494,3,1494,91.0,New
157000,6,1253,1,1253,,WD
132000,7,854,2,832,51.0,WD
149000,6,1004,2,1004,,WD
90000,4,1296,2,0,72.0,WD
159000,5,1114,2,1114,66.0,WD
139000,5,1339,1,1029,70.0,COD
325300,8,2376,3,1158,101.0,New
139400,7,1108,1,637,57.0,WD
230000,8,1795,2,1777,75.0,WD
129900,5,1060,2,1040,44.0,WD
154000,5,1060,1,1060,,WD
256300,8,1600,3,1566,110.0,WD
134800,5,900,2,900,60.0,WD
306000,8,1704,3,1704,98.0,WD
207500,5,1600,1,1484,47.0,WD
68500,4,520,1,520,60.0,WD
40000,4,1317,1,649,50.0,WD
149350,5,1228,1,1228,,WD
179900,8,1234,2,1234,85.0,WD
165500,5,1700,2,1398,70.0,WD
277500,9,1561,2,1561,60.0,WD
309000,8,2452,3,1117,108.0,WD
145000,5,1097,2,1097,112.0,WD
153000,5,1297,2,1297,74.0,WD
109000,5,1057,1,1057,68.0,WD
82000,4,1152,0,0,65.0,WD
160000,6,1324,2,1088,84.0,WD
170000,5,1328,1,1350,115.0,WD
144000,5,884,2,840,,WD
130250,5,938,1,938,,WD
141000,5,1150,1,1150,70.0,WD
319900,9,1752,2,1752,61.0,WD
239686,7,2149,2,1434,48.0,WD
249700,8,1656,3,1656,84.0,WD
113000,4,1452,0,736,33.0,New
127000,5,955,1,955,66.0,WD
177000,6,1470,2,794,,WD
114500,6,1176,2,816,52.0,WD
110000,5,816,2,816,110.0,WD
385000,9,1842,3,1842,68.0,WD
130000,5,1360,2,384,60.0,WD
180500,6,1425,2,1425,100.0,WD
172500,8,1739,2,970,24.0,WD
196500,7,1720,2,860,89.0,WD
438780,10,2945,3,1410,66.0,New
124900,5,780,1,780,60.0,WD
158000,6,1158,2,1158,63.0,New
101000,5,1111,1,530,60.0,WD
202500,8,1370,2,1370,44.0,WD
140000,7,1710,2,576,50.0,WD
219500,7,2034,2,1057,,WD
317000,8,2473,3,1143,76.0,WD
180000,7,2207,2,1947,,WD
226000,7,1479,2,1453,72.0,WD
80000,4,747,1,747,47.0,WD
225000,7,2287,2,1304,81.0,WD
244000,7,2223,2,2223,95.0,WD
129500,4,845,2,845,69.0,WD
185000,7,1718,2,832,74.0,WD
144900,5,1086,2,1086,85.0,WD
107400,3,1605,1,840,60.0,WD
91000,4,988,1,462,21.0,WD
135750,4,952,1,952,,WD
127000,5,1285,1,672,50.0,WD
136500,4,1768,0,1768,72.0,WD
110000,5,1230,2,440,60.0,WD
193500,6,2142,1,896,100.0,WD
153500,6,1337,2,1237,32.0,WD
245000,8,1563,3,1563,78.0,WD
126500,5,1065,2,1065,80.0,COD
168500,7,1474,2,384,,WD
260000,8,2417,2,1288,121.0,WD
174000,6,1560,2,684,122.0,WD
164500,6,1224,2,612,40.0,New
85000,3,1526,0,1013,105.0,ConLD
123600,4,990,0,990,60.0,WD
109900,4,1040,2,0,60.0,WD
98600,5,1235,2,1235,85.0,WD
163500,5,964,2,876,80.0,WD
133900,6,2291,2,1214,60.0,WD
204750,6,1786,2,824,69.0,WD
185000,6,1470,2,680,,WD
214000,7,1588,2,1588,78.0,WD
94750,4,960,1,960,73.0,WD
83000,5,835,1,458,85.0,COD
128950,4,1225,0,950,77.0,WD
205000,6,1610,2,1610,,WD
178000,6,1732,2,741,77.0,WD
118964,5,1535,2,0,64.0,WD
198900,7,1226,3,1226,94.0,WD
169500,7,1818,1,1040,,WD
250000,8,1992,2,1053,75.0,WD
100000,4,1047,1,641,60.0,WD
115000,5,789,1,789,50.0,WD
115000,5,1517,0,793,85.0,WD
190000,6,1844,2,1844,105.0,COD
136900,6,1855,1,994,75.0,WD
180000,7,1430,2,384,,WD
383970,7,2696,3,1264,77.0,New
217000,6,2259,2,1809,,COD
259500,6,2320,1,1028,61.0,WD
176000,6,1458,2,729,34.0,WD
139000,5,1092,1,1092,,WD
155000,5,1125,2,1125,74.0,New
320000,7,3222,3,1673,90.0,WD
163990,6,1456,2,728,65.0,New
180000,6,988,2,938,,WD
100000,4,1123,1,732,50.0,WD
136000,6,1080,1,1080,75.0,WD
153900,6,1199,2,1199,55.0,WD
181000,6,1586,2,1362,48.0,WD
84500,6,754,0,520,60.0,WD
128000,6,958,2,1078,,WD
87000,5,840,0,672,55.0,WD
155000,6,1348,2,660,69.0,WD
150000,5,1053,2,1008,69.0,WD
226000,7,2157,2,924,88.0,WD
244000,6,2054,2,992,,WD
150750,5,1327,2,1063,75.0,WD
220000,8,1296,2,1267,,WD
180000,5,1721,2,1461,78.0,WD
174000,7,1682,2,1304,80.0,WD
143000,5,1214,1,1214,,WD
171000,7,1959,3,1907,82.0,WD
230000,8,1852,3,1004,73.0,WD
231500,6,1764,2,928,65.0,WD
115000,4,864,0,864,70.0,ConLI
260000,7,1734,2,1734,78.0,WD
166000,5,1385,2,910,71.0,WD
204000,7,1501,2,1490,78.0,WD
125000,5,1728,2,1728,70.0,ConLI
130000,6,1709,2,970,24.0,WD
105000,5,875,1,715,51.0,WD
222500,7,2035,2,884,,WD
141000,7,1080,0,1080,63.0,WD
115000,5,1344,1,896,,WD
122000,5,969,2,969,120.0,WD
372402,8,1710,3,1710,107.0,New
190000,6,1993,2,825,,WD
235000,6,1252,2,1602,,WD
125000,6,1200,1,1200,84.0,WD
79000,6,1096,0,572,60.0,WD
109500,5,1040,2,0,60.0,WD
269500,8,1968,3,774,92.0,New
254900,7,1947,2,991,100.0,WD
320000,7,2462,2,1392,134.0,New
162500,6,1232,2,1232,,WD
412500,9,2668,3,1572,110.0,WD
220000,7,1541,2,1541,95.0,New
103200,4,882,0,882,55.0,WD
152000,6,1616,1,1149,40.0,WD
127500,5,1355,0,644,62.0,WD
190000,5,1867,1,1617,,COD
325624,8,2161,3,1582,86.0,New
183500,7,1720,2,840,62.0,WD
228000,8,1707,2,1686,,WD
128500,5,1382,2,720,,WD
215000,6,1656,2,1080,141.0,WD
239000,7,1767,2,1064,44.0,WD
163000,6,1362,2,1362,80.0,COD
184000,6,1651,2,1606,47.0,WD
243000,6,2158,2,1202,84.0,WD
211000,6,2060,2,1151,97.0,WD
172500,5,1920,2,1052,,WD
501837,9,2234,3,2216,63.0,New
100000,5,968,2,968,60.0,WD
177000,6,1525,2,756,,WD
200100,7,1802,1,793,54.0,WD
120000,5,1340,1,0,60.0,WD
200000,7,2082,2,1362,63.0,WD
127000,5,1252,2,504,92.0,WD
475000,10,3608,3,1107,90.0,WD
173000,7,1217,2,1188,,WD
135000,5,1656,1,660,60.0,WD
153337,5,1224,2,1086,64.0,WD
286000,8,1593,2,1593,41.0,WD
315000,8,2727,2,853,70.0,WD
184000,7,1479,2,725,,WD
192000,7,1431,2,1431,68.0,WD
130000,7,1709,2,970,24.0,WD
127000,5,864,1,864,60.0,WD
148500,6,1456,2,855,24.0,WD
311872,7,1726,3,1726,79.0,New
235000,8,3112,2,1360,174.0,WD
104000,6,2229,0,755,92.0,WD
274900,8,1713,3,1713,76.0,WD
140000,4,1121,2,1121,80.0,WD
171500,6,1279,2,1196,75.0,WD
112000,6,1310,1,617,50.0,COD
149000,6,848,2,848,,WD
110000,5,1284,1,720,50.0,WD
180500,7,1442,2,1424,99.0,WD
143900,5,1696,1,1140,40.0,WD
141000,4,1100,1,1100,,WD
277000,7,2062,2,1157,,WD
145000,6,1092,2,1092,75.0,WD
98000,5,864,0,864,67.0,WD
186000,6,1212,2,1212,83.0,WD
252678,7,1852,2,900,72.0,New
156000,5,990,2,990,43.0,WD
161750,6,1392,1,689,,WD
134450,5,1236,1,1070,72.0,WD
210000,7,1436,2,1436,65.0,WD
107000,4,1328,1,686,57.0,WD
311500,7,1954,2,798,,WD
167240,7,1248,2,1248,43.0,New
204900,7,1498,2,1498,73.0,New
200000,6,2267,2,1010,,ConLI
179900,6,1552,2,713,85.0,WD
97000,4,864,2,864,70.0,WD
386250,10,2392,3,2392,103.0,WD
112000,5,1302,1,630,21.0,COD
290000,7,2520,3,1203,82.0,WD
106000,6,987,1,483,21.0,WD
125000,5,912,1,912,70.0,WD
192500,7,1555,2,1373,43.0,WD
148000,6,1194,1,1194,73.0,WD
403000,8,2794,3,1462,174.0,WD
94500,6,987,1,483,21.0,WD
128200,5,894,1,894,75.0,WD
216500,6,1960,2,860,,WD
89500,6,987,1,483,21.0,WD
185500,7,1414,2,1414,65.0,WD
194500,7,1744,2,996,,WD
318000,8,1694,3,1694,93.0,New
113000,6,1487,1,735,52.0,WD
262500,8,1566,2,1566,75.0,WD
110500,5,866,0,686,40.0,WD
79000,5,1440,1,540,63.0,WD
120000,6,1217,1,626,75.0,WD
205000,7,2110,2,948,,WD
241500,7,1872,2,1845,80.0,WD
137000,6,1928,1,1020,69.0,WD
140000,6,1375,2,1367,75.0,WD
180000,7,1668,2,840,72.0,WD
277000,6,2144,2,1444,,WD
76500,3,1306,0,728,55.0,WD
235000,8,1625,2,1573,44.0,WD
173000,6,1640,2,798,65.0,WD
158000,6,1302,1,1302,85.0,CWD
145000,5,1314,1,1314,70.0,WD
230000,7,2291,2,975,66.0,WD
207500,6,1728,2,864,64.0,WD
220000,7,1604,2,1604,68.0,WD
231500,7,1792,2,963,80.0,WD
97000,5,882,1,0,70.0,WD
176000,6,1382,2,1362,120.0,WD
276000,8,2574,3,1482,69.0,New
151000,6,1212,2,506,88.0,WD
130000,5,1316,2,926,50.0,WD
73000,5,764,2,680,30.0,WD
175500,6,1422,2,1422,78.0,WD
185000,6,1511,2,802,70.0,WD
179500,5,2192,1,720,60.0,WD
120500,5,778,1,740,71.0,WD
148000,6,1113,1,1143,,WD
266000,8,1939,3,1095,84.0,New
241500,7,1363,2,1385,73.0,WD
290000,8,2270,3,1152,92.0,WD
139000,6,1632,1,1240,80.0,WD
124500,5,816,1,816,76.0,WD
205000,7,1548,2,952,55.0,WD
201000,7,1560,2,1560,129.0,WD
141000,4,864,2,864,140.0,WD
415298,9,2121,3,2121,107.0,New
192000,7,2022,2,1160,83.0,WD
228500,7,1982,2,807,82.0,WD
185000,6,1262,2,1262,60.0,New
207500,7,1314,2,1314,34.0,ConLw
244600,8,1468,3,1468,74.0,New
179200,6,1575,2,1575,50.0,WD
164700,7,1250,2,625,35.0,New
159000,6,1734,2,912,77.0,WD
88000,4,858,0,858,,WD
122000,5,900,1,882,,WD
153575,6,1396,1,698,60.0,WD
233230,8,1919,2,1079,120.0,New
135900,5,1716,0,780,55.0,WD
131000,5,1716,1,768,60.0,WD
235000,7,2263,2,795,,WD
167000,6,1644,2,1416,80.0,WD
142500,6,1003,2,1003,37.0,WD
152000,5,1558,1,910,75.0,WD
239000,7,1950,2,975,66.0,WD
175000,6,1743,2,702,90.0,WD
158500,6,1152,1,1092,80.0,WD
157000,5,1336,1,1165,90.0,WD
267000,8,2452,2,1028,66.0,WD
205000,7,1541,3,1541,118.0,WD
149900,5,894,2,894,70.0,WD
295000,7,3493,3,1470,87.0,WD
305900,8,2000,3,2000,80.0,WD
225000,7,2243,3,700,116.0,WD
89500,6,1406,0,319,,WD
82500,4,861,2,861,,WD
360000,9,1944,3,1896,90.0,WD
165600,6,1501,2,697,,WD
132000,6,972,1,972,50.0,WD
119900,5,1118,2,793,65.0,WD
375000,7,2036,2,2136,150.0,WD
178000,7,1641,2,728,60.0,WD
188500,7,1432,2,716,71.0,WD
260000,7,2353,2,845,94.0,WD
270000,8,1959,3,1088,75.0,WD
260000,7,2646,3,1347,90.0,WD
187500,7,1472,2,1372,,WD
342643,9,2596,3,1249,111.0,New
354000,8,2468,3,1136,99.0,WD
301000,7,2730,2,1502,86.0,WD
126175,3,1163,1,1162,49.0,WD
242000,7,2978,2,710,96.0,WD
87000,5,803,2,720,50.0,WD
324000,8,1719,2,1719,32.0,Con
145250,6,1383,1,1383,80.0,WD
214500,6,2134,2,844,,WD
78000,5,1192,1,596,60.0,WD
119000,5,1728,1,1728,,WD
139000,5,1056,1,1056,70.0,WD
284000,8,1629,3,3206,85.0,WD
207000,7,1358,2,1358,59.0,WD
192000,6,1638,2,943,59.0,WD
228950,5,1786,2,1499,,WD
377426,9,1922,3,1922,86.0,WD
214000,7,1536,2,1536,70.0,WD
202500,7,1621,2,1208,91.0,WD
155000,6,1215,1,1215,66.0,WD
202900,8,1908,2,967,85.0,WD
82000,4,841,1,721,60.0,WD
87500,3,1040,2,0,,WD
266000,9,1684,2,1684,63.0,WD
85000,5,1112,1,536,36.0,WD
140200,6,1577,1,972,65.0,WD
151500,6,958,1,958,,WD
157500,6,1478,2,1478,,WD
154000,7,1626,2,764,36.0,WD
437154,9,2728,3,1848,56.0,New
318061,9,1869,2,1869,68.0,New
190000,7,1453,2,1453,,WD
95000,5,1111,1,616,60.0,ConLw
105900,6,720,2,624,60.0,WD
140000,6,1595,1,940,60.0,WD
177500,6,1200,2,1200,105.0,WD
173000,6,1167,2,1158,,WD
134000,5,1142,2,1142,44.0,WD
130000,5,1352,1,1062,92.0,WD
280000,8,1924,2,1086,78.0,WD
156000,6,912,2,888,,WD
145000,5,1505,1,883,,WD
198500,7,1922,2,0,64.0,ConLD
118000,6,987,1,483,21.0,WD
190000,6,1574,2,796,,WD
147000,5,1344,1,672,59.0,WD
159000,6,1394,2,1394,,WD
165000,6,1431,1,1099,101.0,WD
132000,5,1268,1,1268,78.0,WD
162000,5,1287,2,1063,,WD
172400,6,1664,2,953,,WD
134432,4,1588,2,0,80.0,WD
125000,6,752,1,744,50.0,WD
123000,5,1319,1,608,79.0,WD
219500,7,1928,2,847,65.0,WD
61000,1,904,0,683,,WD
148000,5,914,2,870,57.0,WD
340000,8,2466,2,1580,102.0,WD
394432,9,1856,3,1856,88.0,New
179000,6,1800,2,982,60.0,WD
127000,5,1691,1,1026,50.0,WD
187750,7,1301,2,1293,60.0,New
213500,7,1797,2,939,79.0,WD
76000,6,784,2,784,60.0,WD
240000,6,1953,2,1580,,WD
192000,8,1269,2,1256,43.0,WD
81000,5,1184,0,658,58.0,WD
125000,6,1125,1,1041,72.0,WD
191000,7,1479,2,1468,93.0,WD
426000,10,2332,3,1682,96.0,New
119000,5,1367,1,861,50.0,WD
215000,6,1961,2,804,71.0,WD
106500,5,882,1,0,,WD
100000,4,788,0,788,,WD
109000,5,1034,1,735,60.0,WD
129000,5,1144,1,1144,68.0,WD
123000,5,894,2,894,60.0,WD
169500,5,1812,1,864,69.0,WD
67000,5,1077,1,961,60.0,WD
241000,7,1550,2,1092,65.0,WD
245500,8,1288,2,1260,38.0,WD
164990,7,1310,2,1310,65.0,New
108000,5,672,1,672,60.0,WD
258000,8,2263,2,1141,93.0,WD
168000,6,1572,2,806,,WD
150000,4,1620,2,1281,,WD
115000,6,1639,1,1064,51.0,WD
177000,6,1680,1,840,63.0,WD
280000,7,2172,3,1063,109.0,New
339750,8,2078,3,1034,85.0,New
60000,5,1276,1,1276,68.0,COD
145000,5,1056,2,1056,100.0,WD
222000,7,1478,2,1470,,New
115000,5,1028,2,1008,56.0,WD
228000,7,2097,3,1080,59.0,WD
181134,7,1340,2,1340,73.0,New
149500,6,1400,2,672,74.0,WD
239000,6,2624,3,1370,86.0,WD
126000,5,1134,1,756,60.0,WD
142000,5,1056,1,1056,65.0,WD
206300,7,1344,4,1344,78.0,WD
215000,6,1602,2,1602,,WD
113000,5,988,2,988,100.0,WD
315000,8,2630,3,1470,80.0,WD
139000,6,1196,1,1196,72.0,WD
135000,7,1389,1,651,60.0,WD
275000,7,1644,2,1518,,WD
109008,4,907,1,907,77.0,WD
195400,7,1208,2,1208,64.0,New
175000,6,1412,2,1392,130.0,WD
85400,6,987,1,483,21.0,COD
79900,6,1198,0,901,60.0,ConLD
122500,5,1365,2,765,24.0,WD
181000,6,1604,2,926,100.0,WD
81000,4,630,0,630,21.0,WD
212000,7,1661,2,799,43.0,ConLw
116000,6,1118,2,648,40.0,WD
119000,6,904,1,884,50.0,WD
90350,5,694,1,440,40.0,WD
110000,6,1196,2,684,67.0,ConLI
555000,10,2402,3,3094,105.0,WD
118000,4,1440,0,1440,92.0,WD
162900,5,1573,2,1078,52.0,WD
172500,7,1258,3,1258,53.0,New
210000,7,1908,2,915,70.0,WD
127500,6,1689,2,1436,73.0,COD
190000,6,1888,2,1517,137.0,WD
199900,7,1886,2,930,,WD
119500,6,1376,1,780,50.0,WD
120000,3,1183,1,649,50.0,WD
110000,6,813,1,813,70.0,WD
280000,7,1533,2,1533,62.0,WD
204000,6,1756,2,872,,WD
210000,8,1590,2,768,75.0,WD
188000,5,1728,2,1728,63.0,WD
175500,7,1242,2,1242,80.0,WD
98000,5,1344,3,624,34.0,COD
256000,4,1663,2,1364,,WD
161000,8,1666,1,588,,WD
110000,5,1203,1,709,,WD
263435,8,1935,2,832,75.0,New
155000,7,1135,2,560,60.0,WD
62383,5,864,1,864,60.0,WD
188700,6,1660,1,715,74.0,WD
124000,5,1040,0,1040,60.0,WD
178740,7,1414,2,1375,,WD
167000,7,1277,2,1277,85.0,WD
146500,5,1644,1,728,79.0,WD
250000,8,1634,3,1626,98.0,WD
187000,6,1710,2,832,76.0,WD
212000,8,1502,2,1488,,WD
190000,7,1969,2,808,92.0,WD
148000,6,1072,2,547,35.0,WD
440000,8,1976,3,1976,110.0,New
251000,8,1652,2,1494,41.0,WD
132500,5,970,2,970,80.0,WD
208900,6,1493,2,1478,75.0,WD
380000,9,2643,3,2153,105.0,WD
297000,8,1718,3,1705,79.0,WD
89471,4,1131,2,907,50.0,WD
326000,9,1850,3,1833,98.0,WD
374000,9,1792,3,1792,72.0,WD
155000,7,1826,1,910,50.0,WD
164000,6,1216,2,1216,32.0,WD
132500,5,999,1,999,,WD
147000,5,1113,1,1113,80.0,WD
156000,5,1073,2,1073,79.0,WD
175000,5,1484,2,1484,70.0,WD
160000,5,2414,2,954,60.0,ConLD
86000,4,630,1,630,21.0,WD
115000,5,1304,1,264,,WD
133000,6,1578,1,806,79.0,WD
172785,6,1456,2,728,105.0,New
155000,5,1269,1,1269,70.0,WD
91300,5,886,1,190,50.0,WD
34900,4,720,0,720,60.0,WD
430000,8,3228,2,3200,,WD
184000,7,1820,1,1026,60.0,WD
130000,5,899,1,864,65.0,WD
120000,5,912,1,912,70.0,WD
113000,6,1218,1,672,21.0,WD
226700,7,1768,2,866,75.0,WD
140000,5,1214,2,1214,70.0,WD
289000,7,1801,2,1501,100.0,WD
147000,6,1322,2,855,24.0,WD
124500,5,1960,2,960,60.0,COD
215000,8,1911,2,777,80.0,WD
208300,6,1218,2,1218,75.0,New
161000,7,1378,2,689,60.0,WD
124500,5,1041,1,1041,80.0,WD
164900,5,1363,1,1008,75.0,WD
202665,7,1368,2,1368,40.0,New
129900,5,864,2,864,70.0,WD
134000,6,1080,2,1084,71.0,WD
96500,5,789,1,768,55.0,WD
402861,10,2020,3,2006,94.0,New
158000,6,2119,2,689,,COD
265000,7,2344,3,1264,79.0,WD
211000,6,1796,2,794,,WD
234000,7,2080,1,1276,53.0,WD
106250,4,1294,0,0,60.0,WD
150000,6,1244,1,1244,90.0,WD
159000,6,1664,2,1004,50.0,WD
184750,10,4676,3,3138,130.0,New
315750,7,2398,3,1379,95.0,WD
176000,7,1266,2,1257,62.0,WD
132000,5,928,1,928,70.0,WD
446261,9,2713,3,1452,67.0,New
86000,4,605,0,528,58.0,WD
200624,6,2515,2,2035,,WD
175000,6,1509,2,1461,85.0,WD
128000,6,1362,2,611,60.0,WD
107500,5,827,1,0,60.0,WD
39300,1,334,0,0,50.0,WD
178000,8,1414,2,707,74.0,WD
107500,5,1347,0,1117,70.0,WD
188000,7,1724,2,880,57.0,WD
111250,4,864,2,864,,COD
158000,5,1159,1,1051,,WD
272000,8,1601,2,1581,,WD
315000,9,1838,3,1838,85.0,WD
248000,8,2285,3,969,,WD
213250,7,1680,2,1650,78.0,WD
133000,7,767,1,723,34.0,WD
179665,7,1496,2,654,58.0,New
229000,7,2183,3,1204,,WD
210000,6,1635,2,1065,70.0,WD
129500,5,768,2,768,54.0,WD
125000,5,825,2,825,49.0,WD
263000,7,2094,2,912,75.0,WD
140000,6,1069,2,1069,53.0,COD
112500,5,928,1,928,50.0,WD
255500,8,1717,3,1709,87.0,WD
108000,4,1126,2,0,67.0,WD
284000,7,2046,3,998,85.0,WD
113000,5,1048,1,993,58.0,WD
141000,5,1092,1,1092,69.0,WD
108000,4,1336,1,637,60.0,COD
175000,7,1446,2,729,57.0,WD
234000,7,1557,2,1374,,WD
121500,5,1392,2,1392,,WD
170000,5,1389,2,1389,77.0,WD
108000,5,996,0,996,63.0,WD
185000,6,1674,2,1163,66.0,WD
268000,7,2295,2,1095,,WD
128000,6,1647,1,806,66.0,WD
325000,9,2504,3,1122,77.0,WD
214000,7,1535,2,1517,70.0,WD
316600,8,2132,2,1496,79.0,WD
135960,5,943,2,943,,WD
142600,5,1728,2,1728,74.0,WD
120000,6,864,1,864,60.0,WD
224500,7,1692,2,846,83.0,New
170000,7,1430,2,384,76.0,WD
139000,5,1109,1,372,70.0,WD
118500,5,1216,1,832,80.0,COD
145000,7,1477,1,861,52.0,WD
164500,5,1320,2,1164,96.0,WD
146000,7,1392,2,689,34.0,WD
131500,5,1795,1,1050,81.0,WD
181900,6,1429,2,1144,,WD
253293,8,2042,3,2042,98.0,New
118500,6,816,0,816,81.0,WD
325000,10,2775,2,1237,75.0,WD
133000,4,1573,1,884,51.0,WD
369900,8,2028,3,1868,88.0,New
130000,6,838,1,816,55.0,WD
137000,5,860,2,840,74.0,WD
143000,5,1473,1,1437,65.0,WD
79500,5,935,1,742,50.0,WD
185900,7,1582,2,770,64.0,WD
451950,10,2296,3,1722,97.0,ConLI
138000,5,816,2,816,60.0,WD
140000,6,848,2,848,,WD
110000,5,924,1,924,88.0,WD
319000,8,1826,3,1814,69.0,New
114504,6,1368,1,684,60.0,WD
194201,7,1402,3,1258,53.0,New
217500,5,1647,2,1430,80.0,WD
151000,6,1556,2,716,24.0,COD
275000,8,1904,2,1058,74.0,WD
141000,6,1375,1,780,50.0,WD
220000,8,1915,2,908,80.0,WD
151000,7,1200,2,600,30.0,WD
221000,7,1494,2,1494,88.0,WD
205000,7,1986,2,768,85.0,WD
152000,5,1040,2,1040,82.0,WD
225000,5,2008,1,896,78.0,WD
359100,8,3194,2,965,78.0,WD
118500,4,1029,1,1029,61.0,WD
313000,9,2153,3,1440,,WD
148000,6,1032,2,1032,,WD
261500,8,1872,2,1299,,WD
147000,5,1120,0,1120,70.0,New
75500,4,630,0,630,21.0,WD
137500,6,1054,2,936,80.0,WD
183200,6,1509,2,783,,WD
105500,6,832,2,832,59.0,WD
314813,9,1828,3,1822,90.0,New
305000,8,2262,3,1482,85.0,WD
67000,3,864,0,864,45.0,WD
240000,6,2614,2,1522,90.0,WD
135000,5,980,2,980,71.0,WD
168500,6,1512,2,756,,WD
165150,6,1790,2,732,80.0,WD
160000,6,1116,2,1116,87.0,WD
139900,5,1422,1,978,,WD
153000,6,1520,1,1156,80.0,WD
135000,5,2080,2,1040,70.0,WD
168500,6,1350,2,1248,82.0,WD
124000,5,1750,1,636,50.0,WD
209500,8,1554,2,1554,34.0,WD
82500,7,1411,2,1386,85.0,WD
139400,5,1056,1,1056,80.0,WD
144000,6,1056,2,1056,64.0,WD
200000,6,3395,0,1440,60.0,WD
60000,2,800,0,264,51.0,ConLw
93000,5,1387,1,811,50.0,WD
85000,5,796,0,796,67.0,WD
264561,8,1567,3,1520,53.0,New
274000,8,1518,2,1518,62.0,WD
226000,7,1929,2,1057,,WD
345000,8,2704,2,1952,75.0,WD
152000,5,1620,2,780,80.0,WD
370878,9,1766,3,1766,85.0,New
143250,6,981,2,981,,WD
98300,5,1048,2,0,60.0,WD
155000,6,1094,2,1094,85.0,WD
155000,6,1839,2,756,70.0,WD
84500,4,630,0,630,21.0,WD
205950,7,1665,2,813,65.0,WD
108000,4,1510,1,755,60.0,WD
191000,7,1716,2,880,70.0,WD
135000,6,1469,1,756,60.0,WD
350000,8,2113,3,2109,91.0,WD
88000,6,1092,1,525,21.0,WD
145500,5,1053,1,1053,72.0,WD
149000,7,1502,1,776,60.0,WD
97500,6,1458,1,912,78.0,WD
167000,5,1486,2,1486,75.0,WD
197900,7,1935,2,793,,WD
402000,8,2448,3,1629,52.0,WD
110000,6,1392,2,1392,120.0,WD
137500,4,1181,2,1138,90.0,WD
423000,8,2097,3,2077,49.0,New
230500,8,1936,2,1406,106.0,WD
129000,6,2380,2,1021,,WD
193500,6,1679,2,1408,65.0,WD
168000,5,1437,2,1188,,WD
137500,4,1180,1,700,80.0,WD
173500,6,1476,2,738,64.0,WD
103600,6,1369,1,672,54.0,WD
165000,6,1208,2,1208,,WD
257500,6,1839,2,1477,110.0,WD
140000,6,1136,1,1136,80.0,WD
148500,6,1441,2,855,24.0,WD
87000,4,1774,3,1095,60.0,WD
109500,5,792,1,768,52.0,WD
372500,8,2046,3,2046,80.0,New
128500,5,988,2,988,,WD
143000,6,923,1,923,50.0,WD
159434,5,1520,1,793,55.0,WD
173000,6,1291,2,1291,,WD
285000,9,1668,3,1626,90.0,WD
221000,7,1839,2,1195,58.0,WD
207500,7,2090,2,1190,,WD
227875,7,1761,2,874,84.0,New
148800,7,1102,2,551,,WD
392000,8,1419,2,1419,60.0,New
194700,6,1362,2,1362,61.0,WD
141000,6,848,2,848,,WD
755000,10,4316,3,2444,104.0,WD
335000,7,2519,2,1210,42.0,WD
108480,5,1073,1,1073,60.0,WD
141500,5,1539,2,927,51.0,WD
176000,6,1137,2,1112,54.0,WD
89000,5,616,1,616,50.0,WD
123500,5,1148,1,980,57.0,WD
138500,5,894,1,894,65.0,WD
196000,7,1391,2,1391,59.0,WD
312500,8,1800,3,1800,85.0,WD
140000,7,1164,2,1164,80.0,COD
361919,8,2576,3,1234,82.0,New
140000,5,1812,2,360,76.0,WD
213000,7,1484,2,1473,70.0,WD
55000,4,1092,0,0,70.0,WD
302000,7,1824,2,1643,,WD
254000,8,1324,2,1324,48.0,WD
179540,7,1456,2,728,65.0,New
109900,5,904,1,876,,WD
52000,3,729,0,270,56.0,WD
102776,4,1178,1,859,66.0,WD
189000,8,1228,2,1228,40.0,WD
129000,4,960,2,960,60.0,WD
130500,6,1479,2,725,,WD
165000,6,1350,2,1064,78.0,WD
159500,7,2554,2,718,60.0,WD
157000,5,1178,2,1176,80.0,WD
341000,7,2418,3,1311,96.0,WD
128500,5,971,1,971,69.0,WD
275000,8,1742,2,1742,,WD
143000,6,848,2,848,,WD
124500,4,864,2,864,70.0,WD
135000,4,1470,1,941,60.0,WD
320000,9,1698,3,1698,86.0,WD
120500,4,864,2,864,60.0,WD
222000,6,1680,2,880,,WD
194500,7,1232,2,1232,64.0,WD
110000,5,1776,3,1584,85.0,COD
103000,4,1208,2,780,52.0,WD
236500,8,1616,2,1595,39.0,WD
187500,7,1146,2,868,73.0,WD
222500,7,2031,2,1153,75.0,WD
131400,5,1144,1,864,80.0,WD
108000,5,948,1,948,,WD
163000,7,1768,2,880,60.0,WD
93500,3,1040,2,0,60.0,WD
239900,8,1801,3,893,72.0,WD
179000,5,1200,0,1200,60.0,WD
190000,7,1728,2,864,65.0,WD
132000,5,1432,2,264,60.0,WD
142000,6,912,1,912,65.0,WD
179000,7,1349,2,1349,65.0,WD
175000,5,1464,2,520,70.0,WD
180000,8,1337,2,1337,41.0,WD
299800,8,2715,2,1142,,WD
236000,7,2256,2,952,,WD
265979,7,2640,4,1240,65.0,WD
260400,7,1720,2,1720,59.0,WD
98000,4,1529,1,0,50.0,WD
96500,4,1140,0,576,55.0,WD
162000,7,1320,2,660,,WD
217000,6,1494,2,1479,79.0,WD
275500,8,2098,3,1030,80.0,WD
156000,6,1026,2,1026,61.0,WD
172500,6,1471,2,729,34.0,WD
212000,8,1768,2,866,68.0,WD
158900,6,1386,2,672,,WD
179400,7,1501,2,744,24.0,WD
290000,8,2531,3,1318,65.0,WD
127500,6,864,1,864,70.0,WD
100000,5,1301,2,1145,60.0,WD
215200,7,1547,2,756,72.0,Con
337000,8,2365,3,1252,82.0,WD
270000,8,1494,2,1494,30.0,WD
264132,9,1506,2,1498,75.0,New
196500,7,1714,2,980,80.0,WD
160000,6,1750,1,983,75.0,WD
216837,7,1836,2,1860,70.0,WD
538000,8,3279,3,1650,47.0,WD
134900,5,858,2,858,,WD
102000,4,1220,2,836,67.0,COD
107000,6,1117,2,1029,94.0,WD
114500,5,912,1,912,70.0,COD
395000,8,1973,3,1935,110.0,New
162000,6,1204,2,1204,32.0,WD
221500,7,1614,3,1614,86.0,New
142500,5,894,2,864,100.0,WD
144000,5,2020,2,0,60.0,WD
135000,6,1004,2,975,78.0,WD
176000,7,1253,2,1237,63.0,WD
175900,6,1603,2,761,65.0,WD
187100,7,1430,2,1413,67.0,WD
165500,5,1110,2,1097,,WD
128000,6,1484,0,742,35.0,WD
161500,6,1342,2,1372,,WD
139000,5,1652,1,686,60.0,WD
233000,7,2084,2,956,76.0,WD
107900,4,901,1,901,50.0,WD
187500,6,2087,2,832,,WD
160200,7,1145,2,1145,43.0,WD
146800,6,1062,2,1029,,WD
269790,7,2013,2,1117,92.0,WD
225000,8,1496,2,1496,76.0,New
194500,7,1895,2,712,,WD
171000,6,1564,2,650,70.0,WD
143500,6,1285,2,660,71.0,WD
110000,5,773,1,773,57.0,WD
485000,9,3140,3,1926,104.0,New
175000,5,1768,1,731,60.0,WD
200000,6,1688,2,616,79.0,WD
109900,4,1196,2,1196,40.0,WD
189000,7,1456,2,728,63.0,WD
582933,9,2822,3,1734,107.0,New
118000,5,1128,1,936,75.0,WD
227680,7,1428,2,1417,91.0,New
135500,5,980,1,980,75.0,WD
223500,5,1576,2,1324,144.0,WD
159950,5,1086,2,1024,85.0,WD
106000,5,2138,2,849,90.0,WD
181000,6,1309,2,1040,78.0,WD
144500,6,848,2,848,,ConLD
55993,5,1044,2,540,66.0,WD
157900,6,1442,1,1442,75.0,COD
116000,5,1250,1,686,45.0,WD
224900,7,1661,2,1649,48.0,WD
137000,5,1008,1,1008,,WD
271000,8,1689,3,1568,,WD
155000,6,1052,2,1010,80.0,WD
224000,7,1358,2,1358,44.0,New
183000,7,1640,2,798,72.0,WD
93000,4,936,2,936,60.0,WD
225000,7,1733,2,847,,WD
139500,6,1489,1,778,60.0,WD
232600,8,1489,2,1489,81.0,New
385000,10,2084,3,2078,114.0,New
109500,5,784,0,784,50.0,WD
189000,7,1434,2,1454,65.0,WD
185000,5,2126,2,1013,,WD
147400,7,1223,2,600,24.0,WD
166000,6,1392,2,1392,80.0,WD
151000,7,1200,2,600,30.0,WD
237000,7,1829,2,941,44.0,WD
167000,6,1516,2,1516,100.0,WD
139950,5,1144,2,1144,75.0,WD
128000,4,1067,2,1067,60.0,WD
153500,5,1559,2,1559,90.0,COD
100000,6,987,1,483,21.0,WD
144000,5,1099,1,1099,75.0,WD
130500,5,1200,1,768,70.0,WD
140000,6,1482,1,672,,WD
157500,5,1539,2,650,60.0,WD
174900,6,1165,2,1127,82.0,WD
141000,5,1800,0,1800,80.0,WD
153900,5,1416,3,876,100.0,WD
171000,5,1701,2,1390,,WD
213000,7,1775,2,740,75.0,WD
133500,5,864,1,864,36.0,WD
240000,6,2358,2,907,75.0,WD
187000,6,1855,2,528,80.0,WD
131500,6,848,2,848,36.0,WD
215000,8,1456,2,1273,,WD
164000,7,1646,1,918,53.0,WD
158000,6,1445,2,1127,,WD
170000,5,1779,2,1763,102.0,WD
127000,5,1040,1,1040,,WD
147000,6,1026,2,940,,WD
174000,6,1481,2,702,65.0,WD
152000,7,1370,2,1090,80.0,WD
250000,6,2654,2,1054,,WD
189950,7,1426,1,912,55.0,WD
131500,5,1039,2,1039,75.0,WD
152000,6,1097,2,1040,81.0,WD
132500,5,1148,1,1148,70.0,WD
250580,7,1372,2,1372,72.0,New
148500,5,1002,2,1002,,WD
248900,8,1646,3,1638,67.0,New
129000,4,1120,2,1040,85.0,WD
169000,5,2320,2,0,,WD
236000,7,1949,2,1050,80.0,WD
109500,5,894,1,894,60.0,WD
200500,6,1682,2,804,70.0,WD
116000,5,910,2,105,74.0,WD
133000,5,1268,1,832,60.0,WD
66500,5,1131,1,676,52.0,WD
303477,8,2610,2,1184,75.0,New
132250,4,1040,2,1064,94.0,WD
350000,9,2224,3,1462,74.0,WD
148000,5,1155,2,1109,88.0,WD
136500,5,864,1,864,,WD
157000,5,1090,2,1090,60.0,WD
187500,7,1717,2,1156,44.0,WD
178000,6,1593,2,808,,WD
118500,4,2230,1,795,60.0,WD
100000,5,892,1,892,65.0,WD
328900,9,1709,2,1698,50.0,CWD
145000,5,1712,2,1626,70.0,WD
135500,5,1393,1,816,59.0,WD
268000,8,2217,2,2217,95.0,WD
149500,6,1505,2,1505,128.0,WD
122900,5,924,2,672,60.0,WD
172500,6,1683,2,918,70.0,WD
154500,6,1068,1,1059,70.0,WD
165000,5,1383,1,1383,,WD
118858,5,1535,2,0,64.0,WD
140000,6,1796,2,780,71.0,WD
106500,4,951,1,951,50.0,WD
142953,5,2240,2,0,64.0,WD
611657,9,2364,3,2330,100.0,New
135000,5,1236,1,912,65.0,WD
110000,4,858,1,858,,WD
153000,5,1306,1,992,64.0,WD
180000,7,1509,2,783,63.0,WD
240000,7,1670,3,1670,50.0,New
125500,5,902,1,876,,WD
128000,5,1063,1,1056,80.0,WD
255000,8,1636,3,1623,116.0,WD
250000,7,2057,1,1017,86.0,WD
131000,5,902,2,864,,WD
174000,6,1484,2,742,149.0,WD
154300,5,2274,2,1105,80.0,WD
143500,5,1268,1,1268,,WD
88000,5,1015,1,768,51.0,WD
145000,5,2002,3,1001,82.0,WD
173733,6,1224,2,612,30.0,New
75000,4,1092,1,546,21.0,WD
35311,2,480,1,480,50.0,WD
135000,4,1229,1,1134,,WD
238000,7,2127,3,1104,103.0,WD
176500,6,1414,2,1184,87.0,WD
201000,6,1721,2,928,70.0,WD
145900,5,2200,0,1272,67.0,WD
169990,6,1316,2,1316,65.0,New
193000,6,1617,2,1604,50.0,WD
207500,6,1686,2,1686,79.0,WD
175000,5,1126,2,1126,,WD
285000,8,2374,3,1181,93.0,WD
176000,7,1978,2,832,,WD
236500,8,1788,2,1753,,WD
222000,7,2236,2,964,,WD
201000,8,1466,3,1466,73.0,WD
117500,5,925,1,925,70.0,WD
320000,9,1905,3,1905,84.0,WD
190000,7,1500,2,1500,63.0,WD
242000,7,2069,2,585,313.0,WD
79900,4,747,2,600,52.0,WD
184900,7,1200,2,1176,67.0,WD
253000,7,1971,2,1113,75.0,WD
239799,7,1962,3,1391,73.0,New
244400,7,2403,1,1032,,COD
150900,6,1728,2,1728,55.0,WD
214000,7,2060,2,992,,WD
150000,4,1440,0,1440,42.0,Oth
143000,5,1632,2,1632,100.0,WD
137500,6,1344,2,819,,COD
124900,5,1869,2,1088,98.0,WD
143000,5,1144,1,1144,70.0,WD
270000,8,1629,3,1616,85.0,WD
192500,7,1776,2,936,65.0,WD
197500,6,1381,2,1161,78.0,WD
129000,5,864,2,864,60.0,WD
119900,5,965,1,828,60.0,WD
133900,5,768,1,768,60.0,WD
172000,5,1968,2,784,,WD
127500,6,980,0,945,35.0,WD
145000,6,1958,2,979,82.0,WD
124000,6,1229,2,561,24.0,WD
132000,5,1057,2,1057,70.0,WD
185000,7,1337,2,1337,65.0,WD
155000,7,1416,2,696,24.0,WD
116500,5,858,0,858,50.0,WD
272000,6,2872,2,1330,,WD
155000,6,1548,2,804,24.0,WD
239000,9,1800,2,1800,122.0,WD
214900,7,1894,2,817,80.0,WD
178900,6,1484,2,783,65.0,New
160000,5,1308,1,728,130.0,WD
135000,5,1098,1,1098,,WD
37900,3,968,0,600,50.0,WD
140000,6,1095,1,588,75.0,ConLD
135000,4,1192,0,720,60.0,WD
173000,7,1626,2,764,36.0,WD
99500,6,918,1,918,55.0,WD
182000,7,1428,2,1428,95.0,New
167500,7,2019,2,728,60.0,WD
165000,7,1382,2,673,,WD
85500,4,869,0,440,51.0,WD
199900,7,1241,2,1241,35.0,New
110000,4,894,2,894,68.0,WD
139000,5,1121,2,1121,80.0,WD
178400,7,999,2,944,,WD
336000,8,2612,3,1225,98.0,WD
159895,7,1266,2,1266,43.0,WD
255900,8,2290,2,1128,,WD
126000,5,1734,2,0,75.0,COD
125000,5,1164,1,1164,68.0,ConLD
117000,6,1635,1,485,59.0,WD
395192,9,1940,3,1930,83.0,New
195000,6,2030,2,848,,WD
197000,7,1576,2,770,65.0,New
348000,8,2392,3,1396,82.0,WD
168000,8,1742,2,916,121.0,WD
187000,6,1851,2,822,80.0,WD
173900,6,1500,2,750,68.0,New
337500,10,1718,3,1700,96.0,WD
121600,4,1230,1,747,51.0,WD
136500,5,1050,1,1050,,COD
185000,6,1442,2,1442,,WD
91000,3,1077,1,1007,60.0,WD
206000,7,1208,2,1187,64.0,WD
82000,3,944,2,0,74.0,WD
86000,5,691,1,691,60.0,WD
232000,8,1574,3,1574,75.0,WD
136905,5,1680,2,1680,,WD
181000,7,1504,2,1346,43.0,WD
149900,5,985,1,985,65.0,WD
163500,6,1657,2,1657,,WD
88000,4,1092,1,546,21.0,WD
240000,7,1710,2,1710,43.0,WD
102000,5,1522,0,1008,60.0,WD
135000,5,1271,1,720,115.0,WD
100000,5,1664,0,0,75.0,WD
165000,6,1502,1,602,55.0,WD
85000,5,1022,1,1022,60.0,WD
119200,6,1082,1,1082,60.0,WD
227000,8,1665,2,810,70.0,WD
203000,7,1504,2,1504,73.0,WD
187500,8,1360,2,1220,,COD
160000,7,1472,2,384,,WD
213490,7,1506,2,1362,43.0,WD
176000,4,1132,2,1132,60.0,WD
194000,7,1220,2,1199,64.0,New
87000,5,1248,1,912,52.0,WD
191000,7,1504,2,1346,43.0,WD
287000,8,2898,2,1565,,COD
112500,5,882,2,882,70.0,WD
167500,5,1264,2,1268,73.0,WD
293077,8,1646,3,1638,71.0,New
105000,5,1376,1,768,79.0,WD
118000,6,1218,1,672,21.0,WD
160000,5,1928,0,686,,WD
197000,7,3082,2,824,102.0,WD
310000,8,2520,3,1338,,WD
230000,7,1654,3,1654,,WD
119750,5,954,1,920,50.0,WD
84000,4,845,1,0,,WD
315500,9,1620,3,1620,89.0,WD
287000,8,2263,2,1055,,WD
97000,4,1344,0,546,21.0,WD
80000,4,630,1,630,21.0,WD
155000,5,1803,2,1134,88.0,WD
173000,6,1632,2,800,,WD
196000,6,1306,2,1306,34.0,WD
262280,7,2329,2,1475,86.0,WD
278000,8,2524,2,2524,80.0,WD
139600,3,1733,2,0,,WD
556581,9,2868,3,1992,85.0,New
145000,5,990,2,990,57.0,WD
115000,5,1771,2,0,100.0,WD
84900,4,930,1,0,60.0,WD
176485,7,1302,2,1302,73.0,New
200141,7,1316,2,1316,103.0,New
165000,6,1977,2,816,100.0,WD
144500,5,1526,1,1216,68.0,WD
255000,8,1989,2,1065,90.0,WD
180000,6,1523,2,1193,104.0,COD
185850,7,1364,2,1364,43.0,WD
248000,7,1850,2,973,,WD
335000,9,2184,3,1104,96.0,WD
220000,6,1991,2,854,,WD
213500,8,1338,2,1338,41.0,WD
81000,3,894,3,894,120.0,ConLD
90000,5,2337,2,662,85.0,WD
110500,6,1103,2,1103,50.0,WD
154000,5,1154,2,1154,,WD
328000,7,2260,2,1306,80.0,WD
178000,6,1571,2,799,59.0,WD
167900,6,1611,2,780,80.0,WD
151400,6,2521,2,942,42.0,WD
135000,5,893,2,845,60.0,WD
135000,5,1048,1,1048,72.0,WD
154000,6,1556,2,727,78.0,WD
91500,5,1456,1,810,50.0,WD
159500,6,1426,2,690,75.0,WD
194000,7,1240,3,1240,74.0,WD
219500,7,1740,1,800,75.0,CWD
170000,5,1466,2,796,60.0,WD
138800,5,1096,1,1096,,WD
155900,6,848,2,848,37.0,WD
126000,5,990,1,990,65.0,WD
145000,6,1258,2,1258,80.0,COD
133000,5,1040,1,1040,75.0,WD
192000,7,1459,2,1459,70.0,WD
160000,6,1251,1,1251,80.0,WD
187500,6,1498,2,691,,WD
147000,6,996,2,936,73.0,WD
83500,4,1092,1,546,,WD
252000,8,1953,3,1082,85.0,WD
137500,7,1709,2,970,24.0,WD
197000,8,1247,2,1247,37.0,WD
92900,3,1040,2,0,60.0,WD
160000,7,1252,2,600,24.0,WD
136500,6,1694,2,1181,60.0,WD
146000,5,1200,2,864,71.0,WD
129000,5,936,1,936,74.0,WD
176432,6,1314,2,1314,78.0,WD
127000,6,1355,0,684,60.0,WD
170000,8,1088,2,1074,,WD
128000,4,1324,1,672,50.0,WD
157000,7,1601,2,1271,82.0,COD
60000,2,438,1,290,60.0,WD
119500,5,950,1,950,61.0,WD
135000,5,1134,1,1010,70.0,WD
159500,6,1194,2,655,79.0,WD
106000,5,1302,2,630,24.0,WD
325000,8,2622,2,1463,98.0,WD
179900,7,1442,2,910,114.0,WD
274725,7,2021,2,868,168.0,New
181000,6,1690,2,924,,WD
280000,8,1836,3,1836,107.0,WD
188000,6,1658,2,773,,WD
205000,7,1964,2,803,80.0,WD
129900,5,816,1,816,73.0,WD
134500,5,1008,1,1008,66.0,WD
117000,5,833,1,833,90.0,WD
318000,8,1734,3,1734,93.0,New
184100,8,1419,2,408,,WD
130000,5,894,2,894,57.0,WD
140000,5,1601,1,533,85.0,WD
133700,5,1040,1,1040,70.0,WD
118400,6,1012,1,1012,59.0,WD
212900,7,1552,3,1552,84.0,New
112000,4,960,1,672,,COD
118000,5,698,0,698,50.0,WD
163900,7,1482,2,384,,WD
115000,4,1005,2,1005,60.0,WD
174000,7,1555,3,1373,53.0,WD
259000,7,1530,3,1530,182.0,WD
215000,7,1959,2,847,59.0,WD
140000,5,936,2,936,60.0,WD
135000,4,1981,2,1122,65.0,WD
93500,5,974,0,974,63.0,Oth
117500,6,2210,1,1008,90.0,WD
239500,8,2020,2,1128,80.0,WD
169000,6,1600,2,916,57.0,WD
102000,6,986,1,960,60.0,WD
119000,6,1252,1,1032,80.0,WD
94000,5,1020,0,780,54.0,WD
196000,6,1567,2,1567,,WD
144000,5,1167,2,915,98.0,WD
139000,5,952,2,952,60.0,COD
197500,5,1868,2,780,,WD
424870,8,2828,3,1466,77.0,New
80000,5,1006,0,1006,,WD
80000,4,924,1,672,60.0,WD
149000,5,1576,1,1042,52.0,WD
180000,6,1298,2,1298,,WD
174500,7,1564,1,704,75.0,WD
116900,7,1111,1,572,,WD
143000,7,1482,2,650,50.0,WD
124000,6,932,1,932,57.0,WD
149900,5,1466,2,1466,134.0,WD
230000,6,1811,2,1073,90.0,WD
120500,6,816,1,816,,WD
201800,7,1820,2,864,,WD
218000,5,1437,2,1437,90.0,WD
179900,5,1265,2,1219,85.0,WD
230000,7,1314,2,1314,34.0,WD
235128,8,1580,3,1580,92.0,ConLD
185000,6,1876,2,901,76.0,WD
146000,6,1456,2,855,24.0,WD
224000,6,1640,2,1296,,WD
129000,5,894,2,894,109.0,WD
108959,4,1258,2,1198,60.0,WD
194000,5,1432,2,1360,,WD
233170,7,1502,2,1502,79.0,New
245350,8,1694,3,1694,64.0,WD
173000,6,1671,2,959,58.0,WD
235000,6,2108,2,1127,120.0,WD
625000,10,3627,3,1930,118.0,WD
171000,6,1118,1,1096,76.0,WD
163000,6,1261,2,1261,76.0,WD
171900,7,1250,2,625,35.0,WD
200500,5,3086,0,1598,138.0,WD
239000,6,2345,2,952,80.0,WD
285000,8,2872,2,1683,85.0,WD
119500,5,923,1,876,37.0,WD
115000,6,1224,1,818,,WD
154900,5,1343,1,731,54.0,WD
93000,5,1124,0,0,77.0,WD
250000,7,2514,2,1216,,WD
392500,8,1652,2,1600,64.0,New
745000,10,4476,3,2396,160.0,WD
120000,5,1130,2,1120,60.0,WD
186700,5,1572,3,1572,50.0,WD
104900,5,1221,1,784,60.0,WD
95000,3,1699,2,978,107.0,WD
262000,8,1624,3,1624,89.0,WD
195000,7,1660,2,831,68.0,WD
189000,7,1804,2,994,60.0,WD
168000,4,1622,4,1249,,WD
174000,8,1441,2,776,24.0,WD
125000,5,1472,1,702,60.0,WD
165000,6,1224,2,1224,,WD
158000,6,1352,1,663,80.0,WD
176000,6,1456,2,728,51.0,WD
219210,7,1863,3,879,58.0,New
144000,7,1690,1,815,65.0,ConLw
178000,7,1212,2,1212,70.0,WD
148000,4,1382,2,1051,75.0,WD
116050,4,864,1,864,71.0,Oth
197900,7,1779,2,866,80.0,WD
117000,5,1348,1,884,50.0,WD
213000,7,1630,2,1630,75.0,WD
153500,5,1074,2,1056,78.0,WD
271900,7,2196,3,2158,90.0,WD
107000,4,1056,1,1056,,WD
200000,6,1700,2,1682,70.0,WD
140000,5,1283,2,931,70.0,WD
290000,8,1660,2,1660,85.0,New
189000,6,1845,2,1055,70.0,WD
164000,8,1752,2,559,152.0,WD
113000,4,672,1,672,50.0,WD
145000,4,960,1,648,,WD
134500,5,999,1,925,69.0,WD
125000,5,894,1,894,99.0,WD
112000,6,1902,2,0,68.0,WD
229456,8,1314,2,1300,72.0,New
80500,4,912,0,0,52.0,WD
91500,6,1218,0,672,21.0,WD
115000,5,912,1,912,66.0,WD
134000,5,1211,1,952,55.0,WD
143000,6,1846,1,1040,78.0,WD
137900,5,2136,2,2136,89.0,WD
184000,7,1490,2,788,60.0,WD
145000,6,1138,1,588,65.0,WD
214000,6,1933,3,894,86.0,WD
147000,5,912,2,912,72.0,WD
367294,9,1702,3,1702,65.0,New
127000,5,1507,1,1075,70.0,WD
190000,5,2620,2,1361,,WD
132500,5,1190,2,1106,70.0,WD
101800,4,1224,2,0,70.0,WD
142000,5,1188,2,1188,,COD
130000,5,1964,0,940,55.0,WD
138887,5,1784,1,747,96.0,WD
175500,7,1626,2,764,36.0,WD
195000,7,1948,2,847,41.0,WD
142500,6,1141,2,1141,63.0,WD
265900,8,1484,2,1476,64.0,WD
224900,7,1768,2,884,65.0,WD
248328,7,1689,3,1689,83.0,New
170000,7,1173,2,1053,85.0,WD
465000,10,2076,3,2076,107.0,New
230000,8,1517,2,792,,WD
178000,6,1868,2,585,78.0,WD
186500,7,1553,2,756,65.0,New
169900,6,1034,3,1012,,WD
129500,6,2058,2,735,60.0,WD
119000,5,988,1,876,60.0,WD
244000,7,2110,2,2110,93.0,WD
171750,7,1405,2,1405,,WD
130000,5,874,1,864,62.0,WD
294000,7,2167,2,1192,,WD
165400,7,1656,2,746,60.0,WD
127500,6,1367,1,884,52.0,WD
301500,8,1987,2,1986,91.0,WD
99900,5,864,0,864,56.0,WD
190000,7,1166,2,856,59.0,WD
151000,6,1054,2,1054,65.0,WD
181000,6,1675,2,841,,WD
128900,5,1050,1,1050,80.0,WD
161500,4,1788,1,1104,,WD
180500,6,1824,2,764,60.0,WD
181000,6,1337,2,1405,34.0,COD
183900,7,1452,2,691,35.0,WD
122000,7,1889,1,925,60.0,WD
378500,9,2018,3,2002,89.0,WD
381000,8,3447,3,728,,WD
144000,5,1524,1,874,78.0,WD
260000,7,1524,2,1332,,WD
185750,6,1489,2,1489,,WD
137000,5,935,1,935,,WD
177000,6,1357,1,1019,124.0,WD
139000,5,1250,2,661,53.0,WD
137000,5,1920,2,928,95.0,WD
162000,6,1395,2,723,,WD
197900,6,1724,2,1680,,WD
237000,8,2031,2,1128,75.0,WD
68400,4,1128,2,698,60.0,COD
227000,7,1573,2,1573,67.0,WD
180000,7,1339,2,1309,50.0,WD
150500,5,1040,2,1040,61.0,WD
139000,6,1824,0,912,94.0,WD
169000,6,2447,1,804,50.0,WD
132500,6,1412,1,780,50.0,WD
143000,6,1328,2,1328,,WD
190000,5,1582,2,1624,,WD
278000,8,1659,2,1501,40.0,WD
281000,8,1970,3,1085,86.0,New
180500,5,1152,2,1152,,WD
119500,5,1302,1,630,21.0,WD
107500,5,2372,1,994,60.0,WD
162900,7,1664,2,832,78.0,WD
115000,5,864,2,864,60.0,WD
138500,5,1052,1,1052,70.0,WD
155000,5,1128,2,1120,80.0,WD
140000,6,1072,2,547,35.0,New
160000,10,5642,2,6110,313.0,New
154000,5,1246,1,1246,75.0,WD
225000,7,1983,2,978,,WD
177500,6,1494,1,771,,WD
290000,8,2526,3,1165,92.0,WD
232000,7,1616,3,1616,73.0,WD
130000,7,1708,2,976,32.0,WD
325000,9,1652,2,1652,108.0,WD
202500,7,1368,2,1368,48.0,New
138000,5,990,2,990,60.0,WD
147000,5,1122,2,924,100.0,WD
179200,6,1294,2,1278,,WD
335000,7,1902,2,1902,100.0,WD
203000,7,1274,2,1274,68.0,New
302000,8,2810,2,1453,,WD
333168,9,2599,3,1393,108.0,WD
119000,4,948,1,948,60.0,WD
206900,6,2112,2,952,85.0,WD
295493,8,1630,3,1622,61.0,WD
208900,7,1352,2,1352,47.0,New
275000,8,1787,3,1753,,WD
111000,4,948,1,864,75.0,WD
156500,6,1478,2,1478,70.0,WD
72500,3,720,1,0,,WD
190000,7,1923,2,750,107.0,WD
82500,4,708,0,420,50.0,WD
147000,8,1795,3,1795,75.0,New
55000,4,796,0,796,40.0,WD
79000,3,774,0,544,70.0,WD
130500,5,816,1,816,60.0,WD
256000,6,2792,2,1510,60.0,WD
176500,7,1632,2,935,63.0,WD
227000,8,1588,3,1588,85.0,WD
132500,5,954,2,911,55.0,WD
100000,4,816,1,816,67.0,WD
125500,5,1360,1,803,60.0,WD
125000,5,1365,2,765,24.0,WD
167900,6,1334,2,1350,80.0,WD
135000,5,1656,2,1656,87.0,WD
52500,4,693,0,693,153.0,WD
200000,7,1861,2,916,95.0,WD
128500,5,864,1,864,120.0,WD
123000,4,872,4,858,70.0,WD
155000,6,1114,2,1114,66.0,WD
228500,8,2169,2,1284,,WD
177000,6,1913,2,896,57.0,WD
155835,7,1456,2,728,85.0,New
108500,4,960,1,960,50.0,WD
262500,7,2156,2,1568,,WD
283463,8,1776,3,1732,93.0,New
215000,7,1494,2,1482,,WD
122000,8,2358,0,684,50.0,WD
200000,5,2634,4,1248,91.0,WD
171000,6,1716,2,858,70.0,WD
134900,6,1176,2,698,50.0,WD
410000,8,3238,3,2033,56.0,WD
235000,7,1865,3,992,,WD
170000,7,1920,2,570,102.0,WD
110000,5,892,1,864,,WD
149900,5,1078,2,1078,,WD
177500,6,1573,2,756,,WD
315000,9,1980,3,1980,129.0,WD
189000,5,2601,2,612,51.0,WD
260000,7,1530,2,1530,124.0,WD
104900,4,1738,1,715,,WD
156932,6,1412,2,616,73.0,New
144152,7,1200,2,600,30.0,WD
216000,7,1674,2,814,,WD
193000,7,1790,2,873,68.0,WD
127000,5,1475,1,757,41.0,WD
144000,6,848,2,848,,WD
232000,8,1668,2,1657,48.0,WD
105000,4,1374,1,840,90.0,WD
165500,6,1661,1,992,80.0,WD
274300,7,2097,2,1108,75.0,WD
466500,10,2633,3,2633,,WD
250000,7,1958,3,1026,85.0,WD
239000,8,1571,3,1571,89.0,New
91000,6,790,1,768,52.0,WD
117000,5,1604,2,984,60.0,WD
83000,6,987,1,483,21.0,WD
167500,5,1394,2,384,73.0,WD
58500,3,864,1,864,45.0,WD
237500,6,2117,2,1205,,WD
157000,7,1762,2,596,60.0,WD
112000,5,1416,2,816,,WD
105000,6,1258,1,560,60.0,WD
125500,4,1154,1,796,40.0,WD
250000,7,2784,2,1392,80.0,WD
136000,6,2526,1,714,60.0,CWD
377500,9,1746,3,1746,42.0,WD
131000,6,1218,2,735,60.0,WD
235000,7,1525,2,1525,70.0,WD
124000,5,1584,3,1584,65.0,WD
123000,5,900,1,864,68.0,WD
163000,6,1912,2,482,60.0,WD
246578,7,1500,3,1356,53.0,New
281213,8,2482,3,1094,88.0,WD
160000,5,1687,2,747,,WD
137500,5,1513,1,939,51.0,WD
138000,5,1904,1,1208,60.0,WD
137450,6,1608,1,976,51.0,WD
120000,6,1158,1,862,50.0,WD
193000,6,1593,2,839,62.0,WD
193879,7,1294,2,1286,64.0,New
282922,8,1464,3,1485,49.0,WD
105000,3,1214,3,672,60.0,WD
275000,8,1646,2,1594,44.0,WD
133000,5,768,2,768,70.0,WD
112000,5,833,0,833,,WD
125500,4,1363,2,622,60.0,WD
215000,7,2093,2,791,46.0,WD
230000,7,1840,2,944,79.0,WD
140000,6,1668,1,856,80.0,WD
90000,4,1040,2,0,60.0,WD
257000,8,1844,2,1844,88.0,COD
207000,6,1848,2,833,64.0,WD
175900,7,1569,3,1386,51.0,WD
122500,4,2290,2,777,60.0,WD
340000,8,2450,3,1284,,WD
124000,5,1144,1,1144,71.0,COD
223000,6,1844,2,1844,,WD
179900,6,1416,2,708,90.0,WD
127500,6,1069,2,1069,53.0,WD
136500,6,848,2,848,37.0,WD
274970,6,2201,2,697,,WD
144000,5,1344,1,1024,,WD
142000,6,1252,2,1252,80.0,WD
271000,7,2127,2,1223,81.0,WD
140000,5,1558,1,913,60.0,WD
119000,5,804,1,788,60.0,WD
182900,6,1440,2,1440,,WD
192140,5,1838,2,732,60.0,WD
143750,6,958,2,958,,WD
64500,4,968,1,656,60.0,WD
186500,6,1792,2,936,93.0,WD
160000,5,1126,2,1126,80.0,WD
174000,6,1537,2,1319,80.0,COD
120500,4,864,2,864,60.0,WD
394617,8,1932,3,1932,96.0,New
149700,6,1236,2,912,90.0,WD
197000,7,1725,2,539,80.0,WD
191000,6,2555,2,588,79.0,WD
149300,6,848,2,848,,WD
310000,10,2007,3,1017,85.0,WD
121000,6,952,1,952,,WD
179600,7,1422,2,1422,63.0,WD
129000,6,913,1,814,70.0,WD
157900,5,1188,1,1188,,WD
240000,8,2090,2,1220,80.0,WD
112000,4,1346,1,560,70.0,WD
92000,5,630,0,630,21.0,WD
136000,5,1792,0,896,60.0,WD
287090,8,1578,3,1573,78.0,New
145000,5,1072,2,547,35.0,WD
84500,5,1140,0,1140,90.0,WD
185000,7,1221,2,1221,62.0,WD
175000,6,1647,2,953,62.0,WD
210000,6,2073,2,1542,85.0,WD
266500,7,2340,1,1152,66.0,WD
142125,5,1078,1,1078,68.0,WD
147500,5,1256,1,1256,75.0,WD
